催化剂编号,指标,最终模型,模型表达式,调整R2,RMSE,LOOCV_RMSE,二次项F检验p值,最大绝对标准化残差,选择依据
A1,C4烯烃选择性,一次多项式,"y = 50.784 + 15.436*z, z=(T-350)/100",0.715889504932944,2.83987711001726,5.21486265154604,0.221805165137635,1.54134774174328,二次模型样本内拟合可能改善，但LOOCV变差，优先一次模型
A1,乙醇转化率,二次多项式,"y = 35.7143 + 58.7652*z + 25.4463*z^2, z=(T-350)/100",0.959495389400913,1.73634076066092,5.29205723451497,0.162497579738931,1.34704932721277,F检验虽未必显著，但LOOCV、调整R2和RMSE均明显改善
A10,C4烯烃选择性,二次多项式,"y = 4.02732 + 8.53955*z + 6.9855*z^2, z=(T-350)/100",0.956937387385502,0.473978826009486,2.15187447390535,0.0426547707328652,1.3996265672346,二次项显著，且调整R2提高、LOOCV未明显恶化
A10,乙醇转化率,二次多项式,"y = 10.172 + 27.0122*z + 17.961*z^2, z=(T-350)/100",0.988018769659121,0.828377502795201,3.89393702067978,0.0204028491522238,1.34330201416002,二次项显著，且调整R2提高、LOOCV未明显恶化
A11,C4烯烃选择性,二次多项式,"y = 4.41039 + 6.07373*z + 1.8313*z^2, z=(T-350)/100",0.998888092745838,0.066625324779088,0.255992625403705,0.0128432411190454,1.40069277429509,二次项显著，且调整R2提高、LOOCV未明显恶化
A11,乙醇转化率,二次多项式,"y = 10.3338 + 31.6462*z + 22.7221*z^2, z=(T-350)/100",0.974253145408995,1.39900206885581,6.72161911463317,0.0355185948800856,1.41155803971102,二次项显著，且调整R2提高、LOOCV未明显恶化
A12,C4烯烃选择性,二次多项式,"y = 21.7865 + 24.8428*z + 9.01945*z^2, z=(T-350)/100",0.998515707233418,0.30572445333111,1.42507671251573,0.0111767857171051,1.41273059506509,二次项显著，且调整R2提高、LOOCV未明显恶化
A12,乙醇转化率,二次多项式,"y = 20.6283 + 37.7807*z + 19.031*z^2, z=(T-350)/100",0.998165850865383,0.484187297891099,2.32080217522173,0.00634307759139863,1.39448903910187,二次项显著，且调整R2提高、LOOCV未明显恶化
A13,C4烯烃选择性,一次多项式,"y = 21.081 + 16.2772*z, z=(T-350)/100",0.969031868372036,1.35167074138026,2.60152331699212,0.541456398797703,1.6116948108461,二次模型样本内拟合可能改善，但LOOCV变差，优先一次模型
A13,乙醇转化率,二次多项式,"y = 15.8844 + 36.1896*z + 22.4556*z^2, z=(T-350)/100",0.993015544290504,0.861596304020328,4.10504259171136,0.0142540789816603,1.37640234769349,二次项显著，且调整R2提高、LOOCV未明显恶化
A14,C4烯烃选择性,二次多项式,"y = 10.6928 + 18.4407*z + 9.69083*z^2, z=(T-350)/100",0.998926588543434,0.179009058626547,0.422347465885552,0.00335877353852887,1.33890236739762,二次项显著，且调整R2提高、LOOCV未明显恶化
A14,乙醇转化率,二次多项式,"y = 25.5786 + 44.1046*z + 21.7778*z^2, z=(T-350)/100",0.994324368268183,0.999731385767938,4.75459359950396,0.0202186849565972,1.4111122815019,二次项显著，且调整R2提高、LOOCV未明显恶化
A2,C4烯烃选择性,二次多项式,"y = 39.9054 + 53.2914*z + 31.1314*z^2, z=(T-350)/100",0.960568998276575,1.20321759105682,3.91781387879043,0.0620042034360611,1.38679052976314,F检验虽未必显著，但LOOCV、调整R2和RMSE均明显改善
A2,乙醇转化率,一次多项式,"y = 70.1444 + 66.2958*z, z=(T-350)/100",0.986675110352989,2.35496537514794,3.97009707423389,0.672238435116916,1.26865430562078,二次模型样本内拟合可能改善，但LOOCV变差，优先一次模型
A3,C4烯烃选择性,一次多项式,"y = 32.2243 + 26.1198*z, z=(T-350)/100",0.895377682668846,5.26883520954632,9.43935829057198,0.124408815709251,2.09208546764165,二次模型样本内拟合可能改善，但LOOCV变差，优先一次模型
A3,乙醇转化率,一次多项式,"y = 50.9646 + 41.9565*z, z=(T-350)/100",0.957130055043927,5.27108126074142,8.69288457039205,0.647999028058441,2.22638060544856,二次模型样本内拟合可能改善，但LOOCV变差，优先一次模型
A4,C4烯烃选择性,一次多项式,"y = 26.9074 + 22.6623*z, z=(T-350)/100",0.896625775285732,3.35468517435655,5.93223865040831,0.0707058297919285,1.79935843787061,二次模型样本内拟合可能改善，但LOOCV变差，优先一次模型
A4,乙醇转化率,一次多项式,"y = 59.0282 + 58.1712*z, z=(T-350)/100",0.993787981558967,2.02676723429676,3.26346237449324,0.480241428071281,1.75228929773498,二次模型样本内拟合可能改善，但LOOCV变差，优先一次模型
A5,C4烯烃选择性,二次多项式,"y = 20.4817 + 28.5804*z + 11.219*z^2, z=(T-350)/100",0.984244372064099,1.13563435877284,5.14284712356296,0.0279810998139078,1.66738517570176,二次项显著，且调整R2提高、LOOCV未明显恶化
A5,乙醇转化率,二次多项式,"y = 39.1366 + 56.7652*z + 31.9579*z^2, z=(T-350)/100",0.990044404697868,1.66292969111904,4.3322550422344,0.00441188047639174,1.22627849726528,二次项显著，且调整R2提高、LOOCV未明显恶化
A6,C4烯烃选择性,一次多项式,"y = 20.2076 + 20.2731*z, z=(T-350)/100",0.711940684738812,5.73119413446243,12.4988494775762,0.135542572675587,1.71887970747026,二次模型样本内拟合可能改善，但LOOCV变差，优先一次模型
A6,乙醇转化率,一次多项式,"y = 55.7041 + 50.1533*z, z=(T-350)/100",0.95659907916431,4.95410121960195,9.07965101036834,0.244435321457127,1.71851507805153,二次模型样本内拟合可能改善，但LOOCV变差，优先一次模型
A7,C4烯烃选择性,二次多项式,"y = 18.3391 + 24.2594*z + 11.5388*z^2, z=(T-350)/100",0.999301273602469,0.194296610129692,0.905793362506544,0.00279340779265835,1.4127671098258,二次项显著，且调整R2提高、LOOCV未明显恶化
A7,乙醇转化率,一次多项式,"y = 57.8774 + 37.7537*z, z=(T-350)/100",0.998381695218269,0.708733100839249,1.40116842365512,0.128734150975082,1.44613714906483,二次模型提升有限且二次项不显著，按简约原则选一次模型
A8,C4烯烃选择性,二次多项式,"y = 25.7158 + 27.8328*z + 7.47087*z^2, z=(T-350)/100",0.999051513578927,0.286521524883818,0.932147263670951,0.0142416826505045,1.39893716076,二次项显著，且调整R2提高、LOOCV未明显恶化
A8,乙醇转化率,二次多项式,"y = 30.8318 + 42.4161*z + 17.5092*z^2, z=(T-350)/100",0.998077510828875,0.580320146732992,2.62453772159826,0.010693964231464,1.39706348302922,二次项显著，且调整R2提高、LOOCV未明显恶化
A9,C4烯烃选择性,一次多项式,"y = 29.735 + 25.38*z, z=(T-350)/100",0.993074488156575,0.987593033592279,1.6009027127337,0.875010786163491,1.21003537650024,二次模型样本内拟合可能改善，但LOOCV变差，优先一次模型
A9,乙醇转化率,二次多项式,"y = 15.5659 + 36.7005*z + 24.4223*z^2, z=(T-350)/100",0.980524781071856,1.43734444577979,6.90774675651123,0.0326019141301431,1.40904742443221,二次项显著，且调整R2提高、LOOCV未明显恶化
B1,C4烯烃选择性,二次多项式,"y = 24.9084 + 28.4533*z + 9.28537*z^2, z=(T-350)/100",0.994353544053455,0.695779708661495,3.34091621642229,0.0513125997335728,1.41302091634841,F检验虽未必显著，但LOOCV、调整R2和RMSE均明显改善
B1,乙醇转化率,二次多项式,"y = 20.0839 + 37.0428*z + 18.8411*z^2, z=(T-350)/100",0.997752906975554,0.524358415360542,2.51280339456256,0.00757582523961564,1.39372478423624,二次项显著，且调整R2提高、LOOCV未明显恶化
B2,C4烯烃选择性,二次多项式,"y = 21.9531 + 29.2042*z + 9.9258*z^2, z=(T-350)/100",0.995471685708015,0.63521787474917,3.0347394586172,0.0382117025906046,1.38405747725839,二次项显著，且调整R2提高、LOOCV未明显恶化
B2,乙醇转化率,二次多项式,"y = 18.3676 + 39.3981*z + 25.1249*z^2, z=(T-350)/100",0.982580514827368,1.47478592790147,7.06863445706342,0.0324378440615289,1.39434061331894,二次项显著，且调整R2提高、LOOCV未明显恶化
B3,C4烯烃选择性,二次多项式,"y = 12.8719 + 14.4063*z + 4.77714*z^2, z=(T-350)/100",0.960494199518777,0.939455009186557,1.63261672222089,0.131537988856059,1.72324111029198,F检验虽未必显著，但LOOCV、调整R2和RMSE均明显改善
B3,乙醇转化率,二次多项式,"y = 7.20082 + 20.0698*z + 13.8773*z^2, z=(T-350)/100",0.985792146266694,0.671483758377353,3.05449940351708,0.00357497331747281,1.70516019484212,二次项显著，且调整R2提高、LOOCV未明显恶化
B4,C4烯烃选择性,二次多项式,"y = 11.728 + 15.2402*z + 10.0152*z^2, z=(T-350)/100",0.956140428338789,0.914369242216245,3.06105536617548,0.0212865737675298,1.43618834163986,二次项显著，且调整R2提高、LOOCV未明显恶化
B4,乙醇转化率,二次多项式,"y = 12.0458 + 31.0589*z + 20.5661*z^2, z=(T-350)/100",0.978380155268105,1.29722020943559,5.87091563104247,0.00765365156492126,1.72656885335954,二次项显著，且调整R2提高、LOOCV未明显恶化
B5,C4烯烃选择性,二次多项式,"y = 15.3444 + 17.8663*z + 6.49714*z^2, z=(T-350)/100",0.997036293231822,0.310853471835817,0.859646657711263,0.00345988271678221,1.53732247530779,二次项显著，且调整R2提高、LOOCV未明显恶化
B5,乙醇转化率,二次多项式,"y = 18.0948 + 39.6694*z + 25.0195*z^2, z=(T-350)/100",0.985733355446046,1.35776596081228,6.21088786239688,0.00497988222137946,1.70235778611946,二次项显著，且调整R2提高、LOOCV未明显恶化
B6,C4烯烃选择性,一次多项式,"y = 20.8447 + 19.0291*z, z=(T-350)/100",0.955695769894927,1.79835626005951,2.77779755969948,0.476736010738514,1.67640385152684,二次模型样本内拟合可能改善，但LOOCV变差，优先一次模型
B6,乙醇转化率,二次多项式,"y = 29.0216 + 52.4363*z + 28.1296*z^2, z=(T-350)/100",0.983748044404053,1.98748656484547,7.94790481284644,0.0105375143437938,1.44129658656529,二次项显著，且调整R2提高、LOOCV未明显恶化
B7,C4烯烃选择性,一次多项式,"y = 25.3267 + 23.3651*z, z=(T-350)/100",0.986030922959226,1.22458914392892,2.30904536397263,0.0597350948204077,1.94279039883776,二次模型提升有限且二次项不显著，按简约原则选一次模型
B7,乙醇转化率,二次多项式,"y = 31.4107 + 58.3619*z + 32.781*z^2, z=(T-350)/100",0.994330675786424,1.28918732861209,5.17114987049889,0.00195206457093089,1.63181707573902,二次项显著，且调整R2提高、LOOCV未明显恶化
